degree_type,grad_year_band,company.name
Major,2009–2012,
Major,2009–2012,Sumatran Orangutan Society
Major,2009–2012,
Major,2009–2012,Grant Thornton (Us)
Major,2009–2012,Nielsen
Major,2009–2012,
Major,2009–2012,Zipperfoot Industries
Major,2009–2012,Innosight
Major,2009–2012,Netmark
Major,2009–2012,Rinchem
Major,2009–2012,PWC
Major,2009–2012,Skywest Airlines
Major,2009–2012,Deloitte
Major,2009–2012,"Zagg, Inc."
Major,2009–2012,Lands' End
Major,2009–2012,
Major,2009–2012,Mercer
Major,2009–2012,"Brainstorm, Inc."
Major,2009–2012,Target
Major,2009–2012,PWC
Major,2009–2012,Sears
Major,2009–2012,Institute of International Banking Law & Practice (Iiblp)
Major,2009–2012,United States Air Force
Major,2009–2012,Aon
Major,2009–2012,
Major,2009–2012,Kelly
Major,2009–2012,"Equation, Inc."
Major,2009–2012,Goldman Sachs
Major,2009–2012,Brigham Young University
Major,2009–2012,Honeywell
Major,2009–2012,Target
Major,2009–2012,Teach for America
Major,2009–2012,Reef Private Credit
Major,2009–2012,Pma Media Group
Major,2009–2012,Dealersocket
Major,2009–2012,Wencor Group
Major,2009–2012,Adobe
Major,2009–2012,
Major,2009–2012,j.p. Morgan Private Bank
Major,2009–2012,Cisco
Major,2009–2012,
Major,2009–2012,Kirkland & Ellis
Major,2009–2012,
Major,2009–2012,
Major,2009–2012,
Major,2009–2012,Goldman Sachs
Major,2009–2012,Clark County School District
Major,2009–2012,Sears
Major,2009–2012,The Intelitech Group
Major,2009–2012,Citigroup
Major,2009–2012,l.e.k. Consulting
Major,2009–2012,
Major,2009–2012,
Major,2009–2012,Lockheed Martin
Major,2009–2012,Orangesoda
Major,2009–2012,Adobe
Major,2009–2012,
Major,2009–2012,Sears
Major,2009–2012,The Village at Bingham Point
Major,2009–2012,Cicero¬Æ
Major,2009–2012,"Maverik, Inc."
Major,2009–2012,
Major,2009–2012,
Major,2009–2012,G5 Learning
Major,2009–2012,Credit Yeti
Major,2009–2012,Cicero¬Æ
Major,2009–2012,Dealersocket
Major,2009–2012,
Major,2009–2012,
Major,2009–2012,Espn
Major,2009–2012,Goldman Sachs
Major,2009–2012,Sears
Major,2009–2012,Breg
Major,2009–2012,Accenture
Major,2009–2012,Berry Law
Major,2009–2012,Qualtrics
Major,2009–2012,Nlight
Major,2009–2012,University of Utah - Employment
Major,2009–2012,Autonation
Major,2009–2012,"Hunt Companies, Inc"
Major,2009–2012,Adobe
Major,2009–2012,John Deere
Major,2009–2012,Sears
Major,2009–2012,Slingshot by Pronto Bpo
Major,2009–2012,Hoststand
Major,2009–2012,Innosight
Major,2009–2012,Qualtrics
Major,2009–2012,Epic
Major,2009–2012,Duff & Phelps
Major,2009–2012,Goldman Sachs
Major,2009–2012,Professor Anthony J Casey
Major,2009–2012,Go Financial
Major,2009–2012,The Pregnancy Pause
Major,2009–2012,Precoa
Major,2009–2012,Utah Department of Health
Major,2009–2012,Express Locations
Major,2009–2012,"Neustar, Inc."
Major,2009–2012,
Major,2009–2012,Moon Capital
Major,2009–2012,
Major,2009–2012,Qualtrics
Major,2009–2012,
Major,2009–2012,HGGC
Major,2009–2012,Sears
Major,2009–2012,
Major,2009–2012,
Major,2009–2012,Intuit
Major,2009–2012,Chicago Venture Partners
Major,2009–2012,
Major,2009–2012,
Major,2009–2012,Deloitte
Major,2009–2012,Bloomberg
Major,2009–2012,Google
Major,2009–2012,Kickstart Fund
Major,2009–2012,Qualtrics
Major,2009–2012,Holyoak Dental PLLC
Major,2009–2012,R1 RCM
Major,2009–2012,Goldman Sachs
Major,2009–2012,Goldman Sachs
Major,2009–2012,u.s. Courts of Appeals
Major,2009–2012,Profire Energy
Major,2009–2012,Boston Consulting Group (Bcg)
Major,2009–2012,"Brainstorm, Inc."
Major,2009–2012,Citi
Major,2009–2012,
Major,2009–2012,Whitehall Ventures
Major,2009–2012,
Major,2009–2012,"4inno, LLC"
Major,2009–2012,Davita Kidney Care
Major,2009–2012,Teach for America
Major,2009–2012,The Shot Coach
Major,2013–2016,Mercer
Major,2013–2016,
Major,2013–2016,
Major,2013–2016,Sears
Major,2013–2016,Dreamling Books
Major,2013–2016,
Major,2013–2016,Walmart
Major,2013–2016,Ancestry
Major,2013–2016,Day Logger
Major,2013–2016,Accenture
Major,2013–2016,Capital One
Major,2013–2016,Comcast
Major,2013–2016,Gold Elite Apparel
Major,2013–2016,Goldman Sachs
Major,2013–2016,Deloitte Consulting
Major,2013–2016,Brigham Young University
Major,2013–2016,Brigham Young University
Major,2013–2016,The Diy Lighthouse
Major,2013–2016,Capital One
Major,2013–2016,Medallia
Major,2013–2016,Loen Entertainment Inc.
Major,2013–2016,Vivint
Major,2013–2016,
Major,2013–2016,Entrata
Major,2013–2016,Oasis500
Major,2013–2016,Google
Major,2013–2016,
Major,2013–2016,PWC
Major,2013–2016,Sears
Major,2013–2016,Sears
Major,2013–2016,Vivint
Major,2013–2016,
Major,2013–2016,Chatbooks
Major,2013–2016,
Major,2013–2016,Qualtrics
Major,2013–2016,Deloitte
Major,2013–2016,
Major,2013–2016,Rclco Real Estate Consulting
Major,2013–2016,
Major,2013–2016,Vivint
Major,2013–2016,Bamboohr
Major,2013–2016,Vivint
Major,2013–2016,Oak Street Health
Major,2013–2016,
Major,2013–2016,l.e.k. Consulting
Major,2013–2016,Walmart
Major,2013–2016,Oxford Seminar
Major,2013–2016,McKinsey & Company
Major,2013–2016,Google
Major,2013–2016,Amazon
Major,2013–2016,Boston Consulting Group (Bcg)
Major,2013–2016,Charles River Laboratories
Major,2013–2016,
Major,2013–2016,Vivint
Major,2013–2016,Lucid Software
Major,2013–2016,l.e.k. Consulting
Major,2013–2016,Bain & Company
Major,2013–2016,500 Global
Major,2013–2016,PWC
Major,2013–2016,Forcepoint
Major,2013–2016,Elevate Business
Major,2013–2016,Accretive Health
Major,2013–2016,
Major,2013–2016,PWC
Major,2013–2016,Techstars
Major,2013–2016,Bamboohr
Major,2013–2016,Qualtrics
Major,2013–2016,Cicero¬Æ
Major,2013–2016,Outreach
Major,2013–2016,Goldman Sachs
Major,2013–2016,General Mills
Major,2013–2016,Vivint
Major,2013–2016,l.e.k. Consulting
Major,2013–2016,The Piano Place
Major,2013–2016,Brigham Young University
Major,2013–2016,Ey
Major,2013–2016,J-B Weld Company
Major,2013–2016,Kirton McConkie
Major,2013–2016,l.e.k. Consulting
Major,2013–2016,Adobe
Major,2013–2016,PWC
Major,2013–2016,Redlist
Major,2013–2016,Outreach
Major,2013–2016,Jf V√¥lei
Major,2013–2016,Deloitte
Major,2013–2016,
Major,2013–2016,CBC Advisors
Major,2013–2016,Flex
Major,2013–2016,Acanela Expeditions
Major,2013–2016,Cache Car Wash and Premier Detail
Major,2013–2016,Swimkids Utah
Major,2013–2016,Domo
Major,2013–2016,Lucid Software
Major,2013–2016,Ledgergurus
Major,2013–2016,Cicero¬Æ
Major,2013–2016,Qualtrics
Major,2013–2016,Adobe
Major,2013–2016,Unilever
Major,2013–2016,Nielsen
Major,2013–2016,
Major,2013–2016,Davita Healthcare
Major,2013–2016,Ico Commercial Property Management
Major,2013–2016,
Major,2013–2016,June Rings
Major,2013–2016,
Major,2013–2016,Podium
Major,2013–2016,Clozd
Major,2013–2016,McKinsey & Company
Major,2013–2016,l.e.k. Consulting
Major,2013–2016,Goldman Sachs
Major,2013–2016,Visa
Major,2013–2016,
Major,2013–2016,
Major,2013–2016,Qualtrics
Major,2013–2016,NSP
Major,2013–2016,Hitachi Vantara
Major,2013–2016,Freddie Mac
Major,2013–2016,Mercer
Major,2013–2016,Ey-Parthenon
Major,2013–2016,Kaiser Permanente
Major,2013–2016,l.e.k. Consulting
Major,2013–2016,Skipio
Major,2013–2016,Collabtalk
Major,2013–2016,l'Or√©al
Major,2013–2016,Hp
Major,2013–2016,Centene Corporation
Major,2013–2016,Jabian Consulting
Major,2013–2016,Microsoft
Major,2013–2016,Visa
Major,2013–2016,Vivint
Major,2013–2016,Mountainland Technical College
Major,2013–2016,
Major,2013–2016,baby.com.br
Major,2013–2016,Wells Fargo
Major,2013–2016,Turnkey Social
Major,2013–2016,Pluralsight
Major,2013–2016,Missionary Training Center
Major,2013–2016,Workday
Major,2013–2016,Thomson Reuters
Major,2017–2020,Nikola Motor Company
Major,2017–2020,Goldman Sachs
Major,2017–2020,Qualtrics
Major,2017–2020,Bain & Company
Major,2017–2020,Lucid Software
Major,2017–2020,Freddie Mac
Major,2017–2020,Vivint
Major,2017–2020,Foot Locker
Major,2017–2020,Shoreline Property Group
Major,2017–2020,Ruck
Major,2017–2020,Qualtrics
Major,2017–2020,American Fork Employment Resource Center
Major,2017–2020,
Major,2017–2020,
Major,2017–2020,Insidesales
Major,2017–2020,Hp
Major,2017–2020,3m
Major,2017–2020,
Major,2017–2020,Lendio
Major,2017–2020,The Church of Jesus Christ of Latter-Day Saints
Major,2017–2020,Nozani
Major,2017–2020,Mu Sigma Inc.
Major,2017–2020,Cicero¬Æ
Major,2017–2020,Cicero¬Æ
Major,2017–2020,Huggabuddies
Major,2017–2020,Havenpark Communities
Major,2017–2020,"Bluewolf, an Ibm Company"
Major,2017–2020,"Voonami, Inc."
Major,2017–2020,
Major,2017–2020,Global Access
Major,2017–2020,Qualtrics
Major,2017–2020,Walmart
Major,2017–2020,
Major,2017–2020,Lucid Software
Major,2017–2020,Nielsen
Major,2017–2020,
Major,2017–2020,Amazon
Major,2017–2020,Connected Utah LLC
Major,2017–2020,Teach for America
Major,2017–2020,Marcus & Millichap
Major,2017–2020,Google
Major,2017–2020,Clearbit
Major,2017–2020,Brightland Financial
Major,2017–2020,insidesales.com
Major,2017–2020,Forum Builders
Major,2017–2020,Brigham Young University
Major,2017–2020,
Major,2017–2020,Lyft
Major,2017–2020,Domo
Major,2017–2020,Assure
Major,2017–2020,Colliers
Major,2017–2020,Inside Real Estate
Major,2017–2020,Lucid Software
Major,2017–2020,
Major,2017–2020,Servicemaster
Major,2017–2020,
Major,2017–2020,
Major,2017–2020,Intuitive
Major,2017–2020,American Express
Major,2017–2020,Petiq
Major,2017–2020,Pluralsight
Major,2017–2020,Walmart
Major,2017–2020,University of Utah Health
Major,2017–2020,j.p. Morgan
Major,2017–2020,
Major,2017–2020,Walmart
Major,2017–2020,Mass. Electric Construction Co.
Major,2017–2020,Exxonmobil
Major,2017–2020,Gohealth
Major,2017–2020,Pura
Major,2017–2020,Walmart
Major,2017–2020,Walmart
Major,2017–2020,Hp
Major,2017–2020,Anglepoint
Major,2017–2020,Listen Ventures
Major,2017–2020,Mapline Inc.
Major,2017–2020,Qualtrics
Major,2017–2020,Pluralsight
Major,2017–2020,Latvijas Energoceltnieks
Major,2017–2020,Analytix Group
Major,2017–2020,PWC
Major,2017–2020,Oliver Wyman
Major,2017–2020,"Kunzler Bean & Adamson, Pc"
Major,2017–2020,
Major,2017–2020,Cicero¬Æ
Major,2017–2020,The Lifetime Value Co.
Major,2017–2020,Aptive Environmental
Major,2017–2020,Oliver Wyman
Major,2017–2020,PWC
Major,2017–2020,Bain & Company
Major,2017–2020,Whistic
Major,2017–2020,Las Vegas Zoological Society
Major,2017–2020,
Major,2017–2020,Algoworks
Major,2017–2020,Spero (Techstars '15)
Major,2017–2020,Sunrun
Major,2017–2020,T-Mobile
Major,2017–2020,Pluralsight
Major,2017–2020,Hutchison & Steffen
Major,2017–2020,Disney Experiences
Major,2017–2020,New Degree Press
Major,2017–2020,Byu Simmons Center for Cancer Research
Major,2017–2020,Leavitt Partners
Major,2017–2020,Callcorp
Major,2017–2020,Interweave Solutions
Major,2017–2020,In-Vent LLC
Major,2017–2020,Qualtrics
Major,2017–2020,"Portfolio Advisors, LLC"
Major,2017–2020,Linkedin
Major,2017–2020,Lucid Software
Major,2017–2020,
Major,2017–2020,Lucid Software
Major,2017–2020,
Major,2017–2020,Pepsico
Major,2017–2020,Able Disability Resource Helper LLC
Major,2017–2020,Cambia Health Solutions
Major,2017–2020,DHL Supply Chain
Major,2017–2020,insidesales.com
Major,2017–2020,Qualtrics
Major,2017–2020,Chevron Renewable Energy Group
Major,2017–2020,Qualtrics
Major,2017–2020,Credera
Major,2017–2020,Qualtrics
Major,2017–2020,Unitedhealthcare
Major,2017–2020,Workforce Re
Major,2017–2020,Outreach Center at the Wgu Leavitt School of Health
Major,2017–2020,Byu Blockchain and Crypto Club
Major,2017–2020,
Major,2017–2020,McKinsey & Company
Major,2017–2020,Visa
Major,2017–2020,Kukula Capital
Major,2017–2020,Qualtrics
Major,2017–2020,Pax Momentum
Major,2017–2020,Lucid Software
Major,2017–2020,Smart Point
Major,2017–2020,Podium
Major,2017–2020,The Walt Disney Company
Major,2017–2020,
Major,2017–2020,Domani Preneed
Major,2017–2020,McMaster-Carr
Major,2017–2020,Enlite Home
Major,2017–2020,Diamondback Medical
Major,2017–2020,Visa
Major,2017–2020,Goldman Sachs
Major,2017–2020,Shivwits Band Corporation
Major,2017–2020,Familysearch
Major,2017–2020,
Major,2017–2020,Hawx Smart Pest Control
Major,2017–2020,
Major,2017–2020,Mountain Land Collections
Major,2017–2020,Senior Charity Care
Major,2017–2020,David Hunt Pc
Major,2017–2020,Mercer
Major,2017–2020,
Major,2017–2020,
Major,2017–2020,Saela Pest Control
Major,2017–2020,Credera
Major,2017–2020,
Major,2017–2020,Teach for America
Major,2017–2020,Ocean Tomo
Major,2017–2020,Anglepoint
Major,2017–2020,Jack Vawdrey LLC
Major,2017–2020,Weave
Major,2017–2020,Chatbooks
Major,2017–2020,Recruiting Connection
Major,2017–2020,"Poli, Moon & Zane, PLLC"
Major,2017–2020,Qualtrics
Major,2017–2020,Deloitte
Major,2017–2020,Capital One
Major,2017–2020,Pattern¬Æ
Major,2017–2020,Goldman Sachs
Major,2017–2020,Shore Capital Partners
Major,2017–2020,l.e.k. Consulting
Major,2017–2020,Zions Bancorporation
Major,2017–2020,McMaster-Carr
Major,2017–2020,Wayforth
Major,2017–2020,"Sprout Social, Inc."
Major,2017–2020,Melaleuca:the Wellness Company
Major,2017–2020,Davita's Redwoods Leadership Development Program
Major,2017–2020,Real Broker
Major,2017–2020,Textron Specialized Vehicles
Major,2017–2020,Qualtrics
Major,2017–2020,Aptive Environmental
Major,2021–2024,Boston Consulting Group (Bcg)
Major,2021–2024,Qualtrics
Major,2021–2024,Tiled
Major,2021–2024,Brex
Major,2021–2024,Ushealth Advisors
Major,2021–2024,CVS Health
Major,2021–2024,Olympus Roofing
Major,2021–2024,Cicero¬Æ
Major,2021–2024,Lumio
Major,2021–2024,Rural
Major,2021–2024,
Major,2021–2024,Mallard Cove Senior Living
Major,2021–2024,
Major,2021–2024,
Major,2021–2024,Linkedin
Major,2021–2024,Boston Consulting Group (Bcg)
Major,2021–2024,Amazon
Major,2021–2024,Helu
Major,2021–2024,Bold Servicing
Major,2021–2024,
Major,2021–2024,Bases
Major,2021–2024,Capital One
Major,2021–2024,
Major,2021–2024,Vivint
Major,2021–2024,Ico Development LLC
Major,2021–2024,Athelas
Major,2021–2024,McKinsey & Company
Major,2021–2024,Utah State University - Remote Online Initiative
Major,2021–2024,The Lifetime Value Co.
Major,2021–2024,Mercer
Major,2021–2024,CVS Health
Major,2021–2024,Hospitality Associates
Major,2021–2024,Granite Creek Health and Rehabilitation Center
Major,2021–2024,McMaster-Carr
Major,2021–2024,Millstream Partners
Major,2021–2024,Warner Bros. Discovery
Major,2021–2024,
Major,2021–2024,Ey-Parthenon
Major,2021–2024,
Major,2021–2024,Cortz Franchise LLC
Major,2021–2024,Goldenwest Credit Union
Major,2021–2024,Blue Raven Solar
Major,2021–2024,
Major,2021–2024,Weave
Major,2021–2024,Vivint
Major,2021–2024,Edward Jones
Major,2021–2024,Hunt Capital Partners
Major,2021–2024,Goldman Sachs
Major,2021–2024,
Major,2021–2024,The Church of Jesus Christ of Latter-Day Saints
Major,2021–2024,Aarete
Major,2021–2024,Signals
Major,2021–2024,Bain & Company
Major,2021–2024,Eassist Dental Solutions
Major,2021–2024,Jasper
Major,2021–2024,Rizenext Corp
Major,2021–2024,Clozd
Major,2021–2024,
Major,2021–2024,Cicero¬Æ
Major,2021–2024,Anglepoint
Major,2021–2024,Awardco
Major,2021–2024,Goldman Sachs
Major,2021–2024,Byu Rollins Center for Entrepreneurship & Technology
Major,2021–2024,Bench Equity LLC
Major,2021–2024,
Major,2021–2024,Magestic Interiors
Major,2021–2024,Gallagher
Major,2021–2024,Franklincovey
Major,2021–2024,University of Utah Health
Major,2021–2024,Silicon Slopes
Major,2021–2024,Bill
Major,2021–2024,Boston Consulting Group (Bcg)
Major,2021–2024,Podium
Major,2021–2024,Sandbox
Major,2021–2024,Herff Jones
Major,2021–2024,
Major,2021–2024,Capital One
Major,2021–2024,
Major,2021–2024,University of Utah Health
Major,2021–2024,
Major,2021–2024,1 Source Medicine
Major,2021–2024,
Major,2021–2024,Barclays
Major,2021–2024,Epsilon Life Sciences
Major,2021–2024,Kb Tambo
Major,2021–2024,
Major,2021–2024,
Major,2021–2024,
Major,2021–2024,The Church of Jesus Christ of Latter-Day Saints
Major,2021–2024,Credera
Major,2021–2024,
Major,2021–2024,Lucid Software
Major,2021–2024,Idfl
Major,2021–2024,
Major,2021–2024,Brigham Young University
Major,2021–2024,Bryce & Company
Major,2021–2024,Adobe
Major,2021–2024,Arborgold Software
Major,2021–2024,l.e.k. Consulting
Major,2021–2024,Covr
Major,2021–2024,
Major,2021–2024,Optio - Strategic Storytelling
Major,2021–2024,Booz Allen Hamilton
Major,2021–2024,Nelson Mullins Riley & Scarborough
Major,2021–2024,Sierra Car
Major,2021–2024,Procter & Gamble
Major,2021–2024,Easypost
Major,2021–2024,Brigham Young University Marriott School of Management
Major,2021–2024,Bain & Company
Major,2021–2024,Salesforce
Major,2021–2024,Enso Rings
Major,2021–2024,PWC
Major,2021–2024,Divvy From Bill
Major,2021–2024,Goldman Sachs
Major,2021–2024,
Major,2021–2024,PWC
Major,2021–2024,United Airlines
Major,2021–2024,Snap Finance
Major,2021–2024,Nike
Major,2021–2024,LDS Family Services
Major,2021–2024,Salesforce
Major,2021–2024,Missionary Training Center
Major,2021–2024,
Major,2021–2024,Clozd
Major,2021–2024,Wood Mackenzie
Major,2021–2024,
Major,2021–2024,
Major,2021–2024,Smartsheet
Major,2021–2024,Marq
Major,2021–2024,Clozd
Major,2021–2024,Corpay
Major,2021–2024,
Major,2021–2024,Cicero¬Æ
Major,2021–2024,
Major,2021–2024,Giving Home Health Care
Major,2021–2024,Sendoso
Major,2021–2024,
Major,2021–2024,
Major,2021–2024,Trident Maritime Systems
Major,2021–2024,
Major,2021–2024,Nike
Major,2021–2024,
Major,2021–2024,
Major,2021–2024,Fti Consulting
Major,2021–2024,
Major,2021–2024,Lucid Software
Major,2021–2024,Lazard
Major,2021–2024,McKinsey & Company
Major,2021–2024,
Major,2021–2024,The Norden Group
Major,2021–2024,Platform Accounting Group
Major,2021–2024,halda.ai
Major,2021–2024,
Major,2021–2024,Neighbor
Major,2021–2024,Marq
Major,2021–2024,
Major,2021–2024,Jolt
Major,2021–2024,Byu Office of General Counsel
Major,2021–2024,"TST Fire Protection, Inc."
Major,2021–2024,Sb Legal
Major,2021–2024,
Major,2021–2024,Brigham Young University Marriott School of Management
Major,2021–2024,
Major,2021–2024,Oklahoma City Thunder
Major,2021–2024,Yahoo
Major,2021–2024,Wild Mountain Capital
Major,2021–2024,Goldman Sachs
Major,2021–2024,The Trade Desk
Major,2021–2024,Sandbox
Major,2021–2024,Utah Home Advisor
Major,2021–2024,Arcane Industries
Major,2021–2024,Redo
Major,2021–2024,
Major,2021–2024,
Major,2021–2024,
Major,2021–2024,Lendio
Major,2021–2024,
Major,2021–2024,
Major,2021–2024,Varian Medical Systems
Major,2021–2024,
Major,2021–2024,Gamechanger
Major,2021–2024,
Major,2021–2024,
Major,2021–2024,Slope School
Major,2021–2024,Credera
Major,2021–2024,
Major,2021–2024,
Major,2021–2024,Philo Ventures
Major,2021–2024,McKinsey & Company
Major,2021–2024,
Major,2021–2024,
Major,2021–2024,
Major,2021–2024,Lucid Software
Major,2021–2024,Whitmore Global Management Center
Major,2021–2024,"Zimmerman Group, Inc."
Major,2021–2024,Mastercontrol
Major,2021–2024,Grain
Major,2021–2024,
Major,2021–2024,
Major,2021–2024,
Major,2021–2024,Cicero¬Æ
Major,2021–2024,Capital One
Major,2021–2024,Credera
Major,2021–2024,Cornerstone Research
Major,2021–2024,Signals
Major,2021–2024,
Major,2021–2024,
Major,2021–2024,University of Utah School of Medicine
Major,2021–2024,
Major,2021–2024,
Major,2021–2024,Brigham Young University Marriott School of Management
Major,2021–2024,
Major,2021–2024,
Major,2021–2024,
Major,2021–2024,
Major,2021–2024,Walmart
Major,2021–2024,
Major,2021–2024,
Major,2021–2024,Cicero¬Æ
Major,2021–2024,
Major,2021–2024,
Major,2021–2024,
Major,2021–2024,Glow Permanent Lighting
Major,2021–2024,"Onxmaps, Inc."
Minor,2009–2012,
Minor,2009–2012,l.e.k. Consulting
Minor,2009–2012,PWC
Minor,2009–2012,
Minor,2009–2012,
Minor,2009–2012,Sears
Minor,2009–2012,
Minor,2009–2012,Market Street Capital
Minor,2009–2012,Brown Brothers Harriman
Minor,2009–2012,
Minor,2009–2012,Deloitte
Minor,2009–2012,Cornerstone Research
Minor,2009–2012,Pacific Capital
Minor,2009–2012,McKinsey & Company
Minor,2009–2012,
Minor,2009–2012,
Minor,2009–2012,McKinsey & Company
Minor,2009–2012,Qualtrics
Minor,2009–2012,Micro Benefits Financial Consulting (Suzhou) LTD
Minor,2009–2012,One Enterprises
Minor,2009–2012,Boston Consulting Group (Bcg)
Minor,2009–2012,
Minor,2009–2012,Lenovo
Minor,2009–2012,Teach for America
Minor,2009–2012,Inflection
Minor,2009–2012,Charles River Associates
Minor,2009–2012,
Minor,2009–2012,Cornerstone Research
Minor,2009–2012,Ey
Minor,2009–2012,Bain & Company
Minor,2009–2012,McKinsey & Company
Minor,2009–2012,
Minor,2009–2012,Bain & Company
Minor,2009–2012,Insight Pest Solutions
Minor,2009–2012,Booz Allen Hamilton
Minor,2009–2012,Visa
Minor,2009–2012,
Minor,2009–2012,
Minor,2013–2016,Bain & Company
Minor,2013–2016,Leavitt Partners
Minor,2013–2016,
Minor,2013–2016,Precoa
Minor,2013–2016,
Minor,2013–2016,
Minor,2013–2016,McKinsey & Company
Minor,2013–2016,Capital One
Minor,2013–2016,Boston Consulting Group (Bcg)
Minor,2013–2016,Deloitte
Minor,2013–2016,Accretive Health
Minor,2013–2016,Star Energy Geothermal
Minor,2013–2016,
Minor,2013–2016,Qualtrics
Minor,2013–2016,University of Nebraska Medical Center
Minor,2013–2016,Ford Motor Company
Minor,2013–2016,
Minor,2013–2016,Capital One
Minor,2013–2016,Bates White Economic Consulting
Minor,2013–2016,Google
Minor,2013–2016,Healthbox
Minor,2013–2016,Whatever Was an Interesting Project
Minor,2013–2016,Brigham Young University
Minor,2013–2016,Bain & Company
Minor,2013–2016,Teletrac Navman
Minor,2013–2016,Gitlab
Minor,2013–2016,Zenefits
Minor,2013–2016,
Minor,2013–2016,
Minor,2013–2016,
Minor,2013–2016,PWC
Minor,2013–2016,J. Reuben Clark Law School
Minor,2013–2016,
Minor,2013–2016,Dell Technologies
Minor,2013–2016,Fifth Partners
Minor,2013–2016,Charles River Associates
Minor,2013–2016,Adobe
Minor,2013–2016,Capital One
Minor,2013–2016,Mercer
Minor,2013–2016,McKinsey & Company
Minor,2013–2016,Accenture
Minor,2013–2016,Flex
Minor,2013–2016,Google
Minor,2013–2016,Walmart
Minor,2013–2016,McKinsey & Company
Minor,2013–2016,Bain & Company
Minor,2013–2016,Cicero¬Æ
Minor,2013–2016,Urgegas
Minor,2013–2016,Uber
Minor,2013–2016,Harvard Business School
Minor,2013–2016,Vivint
Minor,2013–2016,Capital One
Minor,2013–2016,Bain & Company
Minor,2017–2020,"Periscope, Powered by MDF Commerce"
Minor,2017–2020,Lucid Software
Minor,2017–2020,Walmart
Minor,2017–2020,
Minor,2017–2020,
Minor,2017–2020,Huron
Minor,2017–2020,Aptive Environmental
Minor,2017–2020,
Minor,2017–2020,
Minor,2017–2020,Visa
Minor,2017–2020,
Minor,2017–2020,Blue Cross of Idaho
Minor,2017–2020,
Minor,2017–2020,Google
Minor,2017–2020,Nextit
Minor,2017–2020,Qualtrics
Minor,2017–2020,Pas Solar
Minor,2017–2020,Curatus
Minor,2017–2020,Lan King
Minor,2017–2020,World Trade Center Utah (Wtc Utah)
Minor,2017–2020,Ge Healthcare
Minor,2017–2020,Harmon Brothers
Minor,2017–2020,Hec Incubator
Minor,2017–2020,
Minor,2017–2020,Conduent
Minor,2017–2020,United Airlines
Minor,2017–2020,
Minor,2017–2020,McKinsey & Company
Minor,2017–2020,Stax - A Global Strategy Consulting Firm
Minor,2017–2020,Ucla School of Dentistry
Minor,2017–2020,University of Pennsylvania
Minor,2017–2020,Bain & Company
Minor,2017–2020,PWC
Minor,2017–2020,McKinsey & Company
Minor,2017–2020,Amazon
Minor,2017–2020,Qualtrics
Minor,2017–2020,Aetna
Minor,2017–2020,Goldman Sachs
Minor,2017–2020,Qatalyst Partners
Minor,2017–2020,Cicero¬Æ
Minor,2017–2020,Stanford Law School
Minor,2017–2020,Brigham Young University
Minor,2017–2020,Backyard Estates
Minor,2017–2020,Microsoft
Minor,2017–2020,Premier Diagnostics
Minor,2017–2020,Cicero¬Æ
Minor,2017–2020,
Minor,2017–2020,"Synoptic Data, a Public Benefit Corporation"
Minor,2017–2020,
Minor,2017–2020,Bain & Company
Minor,2017–2020,Bates White Economic Consulting
Minor,2017–2020,Deloitte
Minor,2017–2020,Byu Economics Department
Minor,2017–2020,Teach for America
Minor,2017–2020,Booz Allen Hamilton
Minor,2017–2020,Charles River Associates
Minor,2017–2020,McKinsey & Company
Minor,2017–2020,Bain & Company
Minor,2017–2020,Rockset
Minor,2017–2020,Fidelity Investments
Minor,2017–2020,Brigham Young University
Minor,2017–2020,Norwich Investment
Minor,2021–2024,McKinsey & Company
Minor,2021–2024,Bain & Company
Minor,2021–2024,
Minor,2021–2024,Cornerstone Research
Minor,2021–2024,Boston Consulting Group (Bcg)
Minor,2021–2024,
Minor,2021–2024,Pathway
Minor,2021–2024,
Minor,2021–2024,Qualtrics
Minor,2021–2024,Lola Blankets
Minor,2021–2024,PWC
Minor,2021–2024,Siemens Healthineers
Minor,2021–2024,Intermountain Health
Minor,2021–2024,Marsh McLennan
Minor,2021–2024,Adobe
Minor,2021–2024,Moose Movers LLC
Minor,2021–2024,Pacs
Minor,2021–2024,Apple
Minor,2021–2024,Cicero¬Æ
Minor,2021–2024,Goldman Sachs
Minor,2021–2024,
Minor,2021–2024,
Minor,2021–2024,Brex
Minor,2021–2024,Optis Consulting
Minor,2021–2024,Bates White Economic Consulting
Minor,2021–2024,Jacky Tsai Studio
Minor,2021–2024,
Minor,2021–2024,Swarm Design Studio
Minor,2021–2024,
Minor,2021–2024,
Minor,2021–2024,
Minor,2021–2024,Leland
Minor,2021–2024,Texas A&m University
Minor,2021–2024,Sandbox
Minor,2021–2024,Cornerstone Research
Minor,2021–2024,Boncom
Minor,2021–2024,Peak Technology Partners
Minor,2021–2024,Qualtrics
Minor,2021–2024,Pax Momentum
Minor,2021–2024,Boston Consulting Group (Bcg)
Minor,2021–2024,Bryce & Company
Minor,2021–2024,Cornerstone Research
Minor,2021–2024,Bain & Company
Minor,2021–2024,Keybank
Minor,2021–2024,Lendio
Minor,2021–2024,fabulesslyfrugal.com
Minor,2021–2024,Atlas Urology
Minor,2021–2024,The Post Millennial
Minor,2021–2024,Brigham Young University
Minor,2021–2024,
Minor,2021–2024,
Minor,2021–2024,JBS Imports
Minor,2021–2024,Sandbox
Minor,2021–2024,Walmart
Minor,2021–2024,
Minor,2021–2024,
Minor,2021–2024,
Minor,2021–2024,
Minor,2021–2024,
Minor,2021–2024,
Minor,2021–2024,
Minor,2021–2024,
Minor,2021–2024,Sandbox
Minor,2021–2024,Powder River Inc
Minor,2021–2024,